user_id,name,email
1,Jennifer Ramirez,stephenjenkins@reyes.info
2,Susan Dean,tami03@gmail.com
3,Kimberly Jones,hensonmargaret@gmail.com
4,Ricky Phillips,ryangilbert@pugh-johnson.com
5,Lisa Cooper,melissa44@chambers-riley.info
6,Dr. Nicole Doyle,carrjennifer@yahoo.com
7,Michael Smith,richard05@yahoo.com
8,Ryan Potter,qbarnes@yahoo.com
9,Maria Rodriguez,tashafisher@neal.info
10,Denise Mays,stephen13@arnold.net
11,Carla Scott,johnsonnicole@solis-huffman.com
12,Katherine Tran,stephensondavid@webster.biz
13,Jeffrey Ford,bparker@gmail.com
14,Kristen Walters,natalieatkins@hotmail.com
15,David Peters,sarnold@hotmail.com
16,Diamond Smith,teresaberry@gmail.com
17,Janice Mullen,phillipscaleb@hotmail.com
18,Jack Phillips,jessica14@beck-lucas.com
19,James Castro,robert89@hotmail.com
20,Alexander Crawford,julierodriguez@perry-smith.com
21,Cory Mcdonald,christopherchavez@yahoo.com
22,Robert Jones,hardypaula@greene.com
23,Elizabeth Grant,reginaoliver@hotmail.com
24,Mark Bell,ipalmer@wallace-wright.com
25,Tammy Wade,emartinez@austin.org
26,Tyler Jennings,kylematthews@trujillo-delgado.org
27,Anne Wallace,cookjodi@gmail.com
28,Michael Hall,powersclarence@vasquez.com
29,Alex Jackson,nataliebarnett@nguyen.com
30,John Knapp,troyconner@hotmail.com
31,Kristen Bryant,zstewart@collins.com
32,Melissa Kelly,paulthompson@yahoo.com
33,Brenda Hall,wgarrison@yahoo.com
34,Chad Larson,vancedaniel@hotmail.com
35,Samuel Alvarado,katiewilkinson@lowe.com
36,Brandi Ruiz,vwalker@gmail.com
37,Julie Davila,angelapayne@hotmail.com
38,Shelley Whitaker,nataliewalton@wells-cruz.net
39,Linda Cox,jeremysnyder@morrow-williams.org
40,Christopher Turner,ashley28@hotmail.com
41,Meghan Smith,quinnjose@gray.biz
42,Nicole Roach,pcampbell@peterson-carter.net
43,Kenneth Ruiz,karlaschwartz@hotmail.com
44,Andrea Hawkins,astevens@hotmail.com
45,Maureen Baker,michael73@stevens.org
46,Austin Crosby,sheamorgan@owens.com
47,Kyle Glover,jordancole@gmail.com
48,Matthew Lang,jill38@hotmail.com
49,Heather Davis,nathanvillarreal@sanchez.org
50,Patricia Dennis,tinahiggins@gmail.com
51,Stanley Thomas,scott97@hotmail.com
52,Stephanie Martinez,brianwilliams@walker-lewis.com
53,Jennifer Townsend,simsdeborah@gmail.com
54,Julia Johnson,wdavis@long-harris.biz
55,Gregory Ingram,gwilson@hotmail.com
56,Allison Casey,andrew79@tyler.net
57,Amber Mathews,rachelarmstrong@gmail.com
58,Gary Hoffman,adammorgan@yahoo.com
59,Adam Vaughn,josephshepherd@hotmail.com
60,Cheryl Richard,jeffrey61@kelly.com
61,Linda Guerra,shortmolly@hotmail.com
62,Jonathan Delgado,christopher89@gmail.com
63,Allison Harris,drichardson@chapman.org
64,Shawn Martinez,ipruitt@yahoo.com
65,Timothy Hunter,kristina55@young-clark.net
66,William Robinson,josephgarrison@yahoo.com
67,Karen Robinson,woodjonathan@williams-scott.com
68,Ray Jones,cody87@fuller.com
69,Troy Green,lindarivers@hotmail.com
70,Luis Stephens,jennifer63@yahoo.com
71,Frederick Douglas,gregory11@gmail.com
72,Jeffrey Moore,thomas36@gmail.com
73,David Little,kjackson@hotmail.com
74,Michael Petty,howard50@gmail.com
75,George Taylor,turnerandrea@martin-simpson.com
76,Joshua Clark,deannamendoza@ford.com
77,Jasmine Lee,bobby53@smith.com
78,Steven Rivera,dukemelissa@yahoo.com
79,Jennifer Henderson,jeff47@gmail.com
80,Lisa Jacobs,timothy78@jones.com
81,Thomas Hodges,xgentry@yahoo.com
82,Lauren Church,michael42@gmail.com
83,Kelli Robertson,candacemolina@roberson-page.info
84,David Wiggins,hintonbarbara@yahoo.com
85,Theresa Johnson,walterstewart@hotmail.com
86,Scott Winters,allen80@hotmail.com
87,Monica Medina,johndelacruz@taylor.com
88,Michelle Kim,robertpineda@hotmail.com
89,Melissa Pierce,jonessharon@yahoo.com
90,Jean Anderson,sheltonsarah@salazar-berry.com
91,Christopher Cooper,imora@diaz.biz
92,Kristen Gardner,marissapope@hotmail.com
93,Gina Weber,patrick37@hotmail.com
94,Christopher Wallace,kennethrichards@griffin.com
95,Joel Smith,matthew57@fernandez.com
96,Daniel Allen DVM,wesley86@yahoo.com
97,Megan Dougherty,jessica47@ingram.com
98,Lisa Hill,ucunningham@yahoo.com
99,Matthew Gardner,angelica57@richards.com
100,Tiffany Ruiz,jamesdavis@cruz.biz
